Round,Rank,Value,Name,Team,Pos,Inj,g,m/g,p/g,3/g,r/g,a/g,s/g,b/g,fg%,fga/g,ft%,fta/g,to/g,pV,3V,rV,aV,sV,bV,fg%V,ft%V,toV
1,1,1.009519441,James Harden,HOU,PG/SG,,68,36.50784314,34.33823529,4.397058824,6.558823529,7.529411765,1.838235294,0.882352941,0.443857332,22.26470588,0.865,11.76470588,4.529411765,3.122533237,2.733821533,0.194940866,1.886709879,2.339472916,0.351012325,-1.091491923,2.465250064,-2.916573927
1,2,0.911156309,Anthony Davis,LAL,PF/C,Probable - back,62,34.37715054,26.09677419,1.161290323,9.290322581,3.225806452,1.467741935,2.306451613,0.502737226,17.67741935,0.845714286,8.467741935,2.451612903,1.727581633,-0.407535814,1.233875113,-0.076971212,1.337808287,2.954283265,0.737313072,1.302746119,-0.608693685
1,3,0.730725626,Damian Lillard,POR,PG,,67,37.59154229,29.98507463,4.104477612,4.268656716,8.059701493,1.059701493,0.328358209,0.461876833,20.35820896,0.890977444,7.940298507,2.895522388,2.38571626,2.449777066,-0.676131277,2.128674426,0.234631483,-0.661697269,-0.432848489,2.250167134,-1.101758701
1,4,0.721148312,Kawhi Leonard,LAC,SG/SF,,57,32.4248538,27.07017544,2.157894737,7.052631579,4.912280702,1.807017544,0.578947368,0.469549868,19.87719298,0.885572139,7.052631579,2.614035088,1.892339752,0.559990323,0.38276231,0.692545822,2.255072709,-0.203617018,-0.187533034,1.887875344,-0.789101402
1,5,0.678813668,Karl-Anthony Towns,MIN,C,Injured - calf strain (0g) - 1/13/2023,35,33.91380952,26.45714286,3.257142857,10.8,4.371428571,0.942857143,1.2,0.508038585,17.77142857,0.796460177,6.457142857,3.142857143,1.788577716,1.627165295,1.808085664,0.445761783,-0.081268517,0.93167529,0.886634993,0.079172424,-1.376481632
1,6,0.670476627,Kyrie Irving,BKN,PG/SG,Probable - left adductor tightness,20,32.89833333,27.4,2.8,5.15,6.4,1.35,0.5,0.478365385,20.8,0.921568627,5.1,2.6,1.948165933,1.183360656,-0.34090959,1.371373465,1.019481576,-0.347933837,0.087081588,1.887182018,-0.773512164
1,7,0.578817674,John Collins,ATL,PF/C,Injured - ankle (0g) - 12/23/2022,41,33.24715447,21.58536585,1.43902439,10.14634146,1.463414634,0.756097561,1.609756098,0.583471074,14.75609756,0.8,3.658536585,1.829268293,0.963979618,-0.137905291,1.559464585,-0.881128479,-0.58619111,1.680714779,2.451912037,0.075947773,0.082565155
1,8,0.573679888,Jusuf Nurkic,POR,C,,9,32.64259259,18.11111111,0.444444444,11.44444444,4.222222222,1.444444444,2,0.504065041,13.66666667,0.795454545,4.888888889,2.666666667,0.37592646,-1.103466028,2.053202133,0.377680798,1.274821266,2.394085721,0.595932628,0.042497057,-0.847561046
1,9,0.445991598,Hassan Whiteside,POR,C,,68,29.73897059,15.35294118,0.058823529,13.36764706,1.147058824,0.397058824,2.882352941,0.618644068,10.41176471,0.686192469,3.514705882,1.764705882,-0.090922018,-1.477835546,2.78469829,-1.025477665,-1.556887063,4.007038402,2.292327137,-1.073293921,0.15427677
1,10,0.420357719,Nikola Jokic,DEN,PF/C,,73,31.9956621,19.94520548,1.095890411,9.739726027,7.01369863,1.164383562,0.602739726,0.527544351,14.67123288,0.817275748,4.123287671,3.082191781,0.686365696,-0.471027529,1.404807126,1.651396448,0.517649582,-0.160124278,1.171864817,0.291386206,-1.309098599
1,11,0.3807367,Bradley Beal,WAS,SG,Injured - hamstring strain (0g) - 12/14/2022,57,36.01988304,30.56140351,2.98245614,4.245614035,6.087719298,1.263157895,0.403508772,0.455103607,22.85964912,0.84279476,8.035087719,3.403508772,2.483265819,1.360493209,-0.684895633,1.228883701,0.784695545,-0.52432106,-0.723778366,1.168283148,-1.665996058
1,12,0.372623054,Jimmy Butler,MIA,SG/SF,,58,33.7795977,19.94827586,0.5,6.655172414,6.034482759,1.775862069,0.551724138,0.455145119,13.06896552,0.834285714,9.051724138,2.189655172,0.686885389,-1.049531437,0.231587467,1.204592536,2.170840869,-0.253381438,-0.416898845,1.097241471,-0.317728528
2,13,0.360588248,Jayson Tatum,BOS,SF/PF,,66,34.31919192,23.43939394,2.863636364,6.984848485,3.03030303,1.409090909,0.863636364,0.450244698,18.57575758,0.811501597,4.742424242,2.348484848,1.277792839,1.245140279,0.356980797,-0.16617697,1.179239564,0.316798177,-0.729120484,0.258785953,-0.494145927
2,14,0.358497782,Chris Paul,OKC,PG,,70,31.53761905,17.6,1.585714286,4.985714286,6.742857143,1.585714286,0.157142857,0.489289741,12.67142857,0.906810036,3.985714286,2.3,0.289415676,0.004504582,-0.403396178,1.527814877,1.656757946,-0.974681164,0.263013777,1.303342722,-0.440292195
2,15,0.349277129,Kristaps Porzingis,DAL,PF/C,,57,31.81988304,20.42105263,2.49122807,9.473684211,1.789473684,0.719298246,2.01754386,0.427038627,16.35087719,0.798586572,4.964912281,1.614035088,0.766907694,0.883597873,1.303617285,-0.732351827,-0.685681619,2.426156125,-1.228296738,0.087913536,0.321631828
2,16,0.326691015,LeBron James,LAL,PG/SF/PF,Probable - ankle,67,34.57189055,25.34328358,2.208955224,7.835820896,10.20895522,1.164179104,0.537313433,0.493476592,19.44776119,0.692913386,5.686567164,3.895522388,1.600045639,0.609561001,0.680650827,3.109351929,0.517096812,-0.279724395,0.534219109,-1.618489859,-2.212491932
2,17,0.324964254,Jonathan Isaac,ORL,SF/PF,Injured - left knee injury recovery (0g) - 12/21/2022,34,28.82009804,11.88235294,0.941176471,6.794117647,1.411764706,1.558823529,2.294117647,0.469879518,9.764705882,0.779220779,2.264705882,1.441176471,-0.678354582,-0.621227327,0.284435723,-0.904695693,1.584056185,2.931736615,-0.09184988,-0.093054395,0.513631639
2,18,0.320672423,Nikola Vucevic,ORL,PF/C,,62,32.2311828,19.59677419,1.580645161,10.82258065,3.580645161,0.870967742,0.758064516,0.477250726,16.66129032,0.784431138,2.693548387,1.419354839,0.627390136,-0.000416639,1.816674283,0.084937237,-0.275628466,0.123811463,0.039267613,-0.067853468,0.53786965
2,19,0.307925825,Trae Young,ATL,PG,,60,35.335,29.63333333,3.416666667,4.25,9.333333333,1.083333333,0.133333333,0.43714972,20.81666667,0.860465116,9.316666667,4.816666667,2.326180448,1.782034623,-0.683227418,2.70981665,0.298522451,-1.018205284,-1.236525684,1.828374133,-3.235637492
2,20,0.296308652,Paul George,LAC,SF/PF,,48,29.56006944,21.52083333,3.270833333,5.666666667,3.854166667,1.395833333,0.416666667,0.438618926,16.29166667,0.875576037,4.520833333,2.604166667,0.953056829,1.64045632,-0.1443938,0.209741668,1.143396426,-0.500268257,-0.932812953,1.075741856,-0.778140219
2,21,0.289073551,Kyle Lowry,TOR,PG,,58,36.17729885,19.4137931,2.827586207,5.034482759,7.465517241,1.431034483,0.448275862,0.415940224,13.84482759,0.857142857,5.913793103,3.068965517,0.596418714,1.21014197,-0.384846936,1.85755561,1.238566138,-0.442486235,-1.278512755,1.099233197,-1.294407748
2,22,0.285518029,Giannis Antetokounmpo,MIL,SF/PF,,63,30.42671958,29.49206349,1.412698413,13.58730159,5.619047619,0.968253968,1.047619048,0.553311793,19.65079365,0.634340223,9.984126984,3.650793651,2.302269082,-0.163463146,2.868244581,1.015034696,-0.012605743,0.653120922,2.353936523,-4.506211062,-1.940663591
2,23,0.283481837,Joel Embiid,PHI,PF/C,,51,29.52777778,23,1.117647059,11.62745098,2.980392157,0.882352941,1.274509804,0.476309227,15.7254902,0.80733945,8.549019608,3.117647059,1.20342092,-0.449905683,2.122809244,-0.188950675,-0.244847478,1.067880183,0.013702259,0.375707719,-1.348479954
2,24,0.277768886,Clint Capela,ATL,PF/C,,39,32.80384615,13.92307692,0,13.76923077,1.230769231,0.846153846,1.846153846,0.628865979,9.948717949,0.528846154,2.666666667,1.615384615,-0.332941171,-1.534942761,2.937441917,-0.987281657,-0.342715233,2.112852946,2.346864913,-2.019491846,0.320132863
3,25,0.277358916,Fred VanVleet,TOR,PG/SG,,54,35.70617284,17.62962963,2.703703704,3.777777778,6.611111111,1.851851852,0.314814815,0.412677878,14.31481481,0.848484848,3.666666667,2.240740741,0.294430794,1.08987403,-0.862838624,1.467700816,2.376286597,-0.68645477,-1.393649973,0.585352338,-0.374470966
3,26,0.270897517,Luka Doncic,DAL,PG/SG/SF,Probable - right quadricep strain,61,33.56311475,28.83606557,2.803278689,9.393442623,8.819672131,1,0.229508197,0.462948207,20.57377049,0.758007117,9.213114754,4.262295082,2.191234723,1.186543681,1.273097146,2.47543949,0.073222724,-0.84239638,-0.403327236,-0.895857946,-2.619878551
3,27,0.269794123,LaMarcus Aldridge,SAS,PF/C,,53,33.09622642,18.88679245,1.150943396,7.396226415,2.433962264,0.679245283,1.641509434,0.493064313,14.96226415,0.827225131,3.603773585,1.396226415,0.507218463,-0.417580844,0.513449685,-0.438279777,-0.793968677,1.738760292,0.399361714,0.355627092,0.563559159
3,28,0.267723251,Andre Drummond,CLE,PF/C,,57,32.95350877,17.71929825,0.087719298,15.1754386,2.666666667,1.912280702,1.631578947,0.532484076,13.77192982,0.574829932,5.157894737,3.561403509,0.309608124,-1.449782879,3.472297482,-0.332099679,2.539661837,1.720607233,1.204424197,-3.21383207,-1.841374989
3,29,0.265468753,Devin Booker,PHO,PG/SG,Questionable - left hamstring tightness,70,35.88119048,26.61428571,2.014285714,4.242857143,6.514285714,0.7,0.257142857,0.488698363,18.32857143,0.919449902,7.271428571,3.771428571,1.815175752,0.420571432,-0.685944226,1.423520603,-0.737856292,-0.791879861,0.36782912,2.652459056,-2.074656806
3,30,0.239247589,Khris Middleton,MIL,SG/SF,,62,29.88333333,20.91935484,2.370967742,6.161290323,4.274193548,0.85483871,0.112903226,0.497360084,15.27419355,0.916299559,3.661290323,2.209677419,0.85125044,0.766846423,0.043737862,0.401394662,-0.319234865,-1.055551787,0.509109981,1.295643484,-0.339967903
3,31,0.23417885,Stephen Curry,GSW,PG/SG,,5,27.86333333,20.8,2.4,5.2,6.6,1,0.4,0.402439024,16.4,1,5.2,3.2,0.831048413,0.795031596,-0.321891933,1.462630955,0.073222724,-0.530735141,-1.854378283,3.092633418,-1.439952102
3,32,0.233289735,Deandre Ayton,PHO,C,,38,32.53552632,18.15789474,0.078947368,11.47368421,1.894736842,0.657894737,1.526315789,0.545774648,14.94736842,0.752808989,2.342105263,2.105263158,0.383845068,-1.458298868,2.06432357,-0.684321569,-0.851691944,1.528184808,1.614501182,-0.272943122,-0.223991513
3,33,0.226075956,Rudy Gobert,UTA,C,,68,34.30514706,15.08823529,0,13.48529412,1.485294118,0.75,1.985294118,0.692998205,8.191176471,0.630272953,5.926470588,1.911764706,-0.135726197,-1.534942761,2.829445719,-0.871145146,-0.602676456,2.367203176,2.741102581,-2.749510957,-0.009066352
3,34,0.213246305,Robert Covington,HOU,SF/PF/C,,70,30.5252381,12.42857143,2.3,6.614285714,1.257142857,1.614285714,1.342857143,0.421853389,10.32857143,0.798387097,1.771428571,1.471428571,-0.585901515,0.697949331,0.216036083,-0.975247702,1.734003567,1.19282001,-0.861916305,0.021443656,0.480029625
3,35,0.201461611,Brandon Ingram,NOR,SG/SF/PF,Out - left great toe contusion (0g) - 12/13/2022,62,33.92741935,23.82258065,2.419354839,6.129032258,4.177419355,0.983870968,0.612903226,0.462591241,17.67741935,0.850543478,5.935483871,3.032258065,1.342651109,0.813821712,0.031468406,0.357237812,0.029616325,-0.141545268,-0.357580615,0.991120579,-1.253635561
3,36,0.18034339,Ben Simmons,PHI,PG,Probable,57,35.38391813,16.43859649,0.035087719,7.789473684,7.98245614,2.087719298,0.578947368,0.579598145,11.35087719,0.620805369,5.228070175,3.50877193,0.09283625,-1.500878808,0.66302252,2.093428341,3.013977052,-0.203617018,1.816140754,-2.568903239,-1.782915346
4,37,0.175980695,DeMar DeRozan,SAS,SG/SF,,68,34.06421569,22.11764706,0.132352941,5.529411765,5.573529412,1.014705882,0.294117647,0.530981888,15.42647059,0.844789357,6.632352941,2.411764706,1.054073658,-1.406451528,-0.196599133,0.994265309,0.112981499,-0.724289463,1.314477481,0.9998014,-0.564432968
4,38,0.174044716,Zach LaVine,CHI,PG/SG/SF,Playing,60,34.75722222,25.5,3.066666667,4.816666667,4.233333333,1.466666667,0.466666667,0.449541284,19.98333333,0.80239521,5.566666667,3.433333333,1.626571496,1.442246695,-0.467693971,0.382750659,1.334901194,-0.408867605,-0.805357448,0.160974616,-1.69912319
4,39,0.157822713,Pascal Siakam,TOR,PF,,60,35.17166667,22.85,2.183333333,7.316666667,3.45,1,0.883333333,0.452898551,18.4,0.792079208,5.05,2.466666667,1.178031885,0.584686689,0.483188885,0.02532549,0.073222724,0.352804495,-0.646972495,-0.004468852,-0.6254144
4,40,0.154243336,Jrue Holiday,NOR,PG/SG,,61,34.70245902,19.13114754,2,4.803278689,6.68852459,1.62295082,0.786885246,0.45526839,16.49180328,0.708791209,2.983606557,3.06557377,0.548578061,0.406702537,-0.47278613,1.503023615,1.757430517,0.176496133,-0.5205361,-0.720078186,-1.290640422
4,41,0.151206115,T.J. Warren,IND,SF/PF,Probable,67,32.87238806,19.79104478,1.358208955,4.179104478,1.47761194,1.164179104,0.507462687,0.53560682,14.88059701,0.818627451,3.044776119,1.253731343,0.660272419,-0.216362745,-0.710192753,-0.874650427,0.517096812,-0.334291949,1.373816345,0.223334164,0.72183317
4,42,0.14697933,Richaun Holmes,SAC,PF/C,,44,28.22083333,12.25,0,8.136363636,0.954545455,0.931818182,1.272727273,0.648255814,7.818181818,0.788135593,2.681818182,1.181818182,-0.616126557,-1.534942761,0.794963203,-1.113319099,-0.111113416,1.064621693,2.076184028,-0.039162627,0.801709509
4,43,0.144842985,Russell Westbrook,HOU,PG,,57,35.9505848,27.24561404,0.964912281,7.912280702,7.035087719,1.631578947,0.350877193,0.471506635,22.47368421,0.763157895,6.666666667,4.473684211,1.922034529,-0.598184065,0.709732555,1.661156021,1.780757495,-0.620532273,-0.142979556,-0.553722359,-2.854675481
4,44,0.136340437,Bam Adebayo,MIA,PF/C,,72,33.5712963,15.91666667,0.027777778,10.20833333,5.111111111,1.138888889,1.291666667,0.556962025,10.97222222,0.691099476,5.305555556,2.819444444,0.004494288,-1.507975465,1.583043388,0.783269642,0.448722268,1.099243152,1.372064249,-1.538541193,-1.017256401
4,45,0.104498078,Kemba Walker,BOS,PG,,56,31.11547619,20.44642857,3.214285714,3.875,4.785714286,0.857142857,0.5,0.42519685,15.875,0.863636364,4.321428571,2.089285714,0.771202832,1.58555861,-0.825859846,0.634795154,-0.313005379,-0.347933837,-1.237925435,0.879895441,-0.206244835
4,46,0.091467153,Jonas Valanciunas,MEM,C,,71,26.46784038,15.01408451,0.450704225,11.35211268,1.929577465,0.422535211,1.084507042,0.582781457,10.63380282,0.747572816,2.901408451,1.802816901,-0.148276976,-1.097388891,2.018083455,-0.66842423,-1.488009185,0.720552657,1.753051466,-0.378329514,0.111945595
4,47,0.089483096,Gordon Hayward,BOS,SG/SF,Injured - left shoulder contusion (0g) - 1/6/2023,52,33.46217949,17.48076923,1.634615385,6.692307692,4.096153846,0.730769231,0.423076923,0.5,13.46153846,0.855172414,2.788461538,1.846153846,0.269234648,0.051978877,0.245711987,0.32015738,-0.654668701,-0.488550225,0.502424777,0.495249314,0.06380981
4,48,0.088570765,Domantas Sabonis,IND,PF/C,,62,34.81774194,18.5,0.274193548,12.41935484,5,0.741935484,0.483870968,0.540731995,13.66129032,0.722972973,4.774193548,2.758064516,0.441749883,-1.268749454,2.424012365,0.732571036,-0.624479656,-0.377417918,1.368513096,-0.949982793,-0.949079675
5,49,0.087278766,Brook Lopez,MIL,C,,68,26.71936275,11.95588235,1.5,4.602941176,1.455882353,0.676470588,2.411764706,0.435171386,9.867647059,0.835526316,2.235294118,1.029411765,-0.665908977,-0.078708788,-0.548985132,-0.884565365,-0.801470333,3.146796972,-0.621112478,0.268470614,0.970992381
5,50,0.079156141,Kelly Oubre,PHO,SF/PF,,56,34.52410714,18.67857143,1.928571429,6.446428571,1.517857143,1.267857143,0.714285714,0.45157385,14.75,0.780487805,4.392857143,1.482142857,0.471974924,0.337358062,0.152191091,-0.856287046,0.797400417,0.043783243,-0.550606992,-0.151537341,0.468128912
5,51,0.071272093,Mitchell Robinson,NYK,C,,61,23.15409836,9.672131148,0,7.016393443,0.590163934,0.852459016,1.950819672,0.741935484,5.590163934,0.567567568,2.426229508,0.606557377,-1.052457232,-1.534942761,0.368979021,-1.279581814,-0.325668595,2.30418344,2.289831152,-1.569565177,1.440670801
5,52,0.070963075,Tobias Harris,PHI,SF/PF,,72,34.29421296,19.58333333,1.819444444,6.875,3.152777778,0.722222222,0.555555556,0.47144075,16.29166667,0.804651163,2.986111111,1.444444444,0.625115133,0.231415114,0.31519958,-0.11029328,-0.677776365,-0.246377557,-0.107840974,0.099224232,0.510001791
5,53,0.065432859,Shai Gilgeous-Alexander,OKC,PG/SG/SF,,70,34.69309524,19.01428571,1.242857143,5.885714286,3.314285714,1.128571429,0.671428571,0.471400394,14.48571429,0.806722689,5.1,1.914285714,0.528798002,-0.328348897,-0.06107835,-0.036599235,0.420828017,-0.034560173,-0.097810494,0.209533384,-0.01186652
5,54,0.061027956,Donovan Mitchell,UTA,PG/SG,Questionable - right lower leg soreness,69,34.26086957,23.98550725,2.507246377,4.405797101,4.260869565,1.014492754,0.202898551,0.448584203,19.44927536,0.863354037,4.666666667,2.666666667,1.370228103,0.899148808,-0.623969501,0.395315096,0.112405285,-0.89103916,-0.812799122,0.947523137,-0.847561046
5,55,0.055264797,C.J. McCollum,POR,PG/SG,,71,36.62793427,22.32394366,2.774647887,4.225352113,4.38028169,0.788732394,0.605633803,0.452363636,19.36619718,0.761904762,2.661971831,1.830985915,1.088991468,1.158748251,-0.692602319,0.44980135,-0.497959682,-0.154833868,-0.696443699,-0.238975658,0.080657335
5,56,0.047747223,Kevin Love,CLE,PF/C,Questionable - low back soreness,56,31.78482143,17.625,2.607142857,9.767857143,3.178571429,0.589285714,0.339285714,0.449793673,12.98214286,0.853881279,3.910714286,2.5,0.293647182,0.996130573,1.415506885,-0.09852396,-1.037183072,-0.641721647,-0.521374096,0.685681988,-0.662438841
5,57,0.04263894,Jamal Murray,DEN,PG/SG,,59,32.26440678,18.49152542,1.898305085,4,4.813559322,1.13559322,0.288135593,0.456375839,15.15254237,0.881081081,3.13559322,2.152542373,0.440315474,0.30797481,-0.778315703,0.647500495,0.43981211,-0.735224735,-0.453123929,0.791318051,-0.276506108
5,58,0.042462806,Myles Turner,IND,PF/C,,62,29.44946237,12.08064516,1.387096774,6.580645161,1.161290323,0.758064516,2.129032258,0.456558773,9.467741935,0.75147929,2.725806452,1.370967742,-0.644791596,-0.188317796,0.203240793,-1.018984011,-0.580873257,2.629958371,-0.283911393,-0.325770665,0.591614807
5,59,0.042373945,D'Angelo Russell,MIN,PG/SG,,45,32.26851852,23.08888889,3.511111111,3.933333333,6.333333333,1.066666667,0.288888889,0.426035503,18.77777778,0.809045226,4.422222222,3.288888889,1.218466274,1.873723428,-0.80367258,1.340954302,0.253462505,-0.733847701,-1.438300904,0.20926413,-1.538683945
5,60,0.030687691,Davis Bertans,WAS,PF/C,,54,29.3154321,15.44444444,3.703703704,4.537037037,1.703703704,0.685185185,0.611111111,0.43442623,11.2962963,0.852459016,2.259259259,1.092592593,-0.075434154,2.060696679,-0.574051979,-0.771487593,-0.777909577,-0.144821277,-0.72268969,0.381071477,0.900815336
6,61,0.028321455,Ricky Rubio,PHO,PG,Injured - torn acl (0g) - 1/14/2023,65,31.02128205,13.03076923,1.2,4.676923077,8.769230769,1.446153846,0.169230769,0.414739884,10.64615385,0.862831858,3.476923077,2.661538462,-0.483973377,-0.369955582,-0.520845884,2.45242373,1.279442799,-0.952584304,-1.004973858,0.697224547,-0.841864978
6,62,0.027411958,Marcus Smart,BOS,PG/SG,,60,31.98805556,12.93333333,2.283333333,3.75,4.85,1.683333333,0.483333333,0.375366569,11.36666667,0.835526316,2.533333333,1.733333333,-0.500465399,0.681768954,-0.873403989,0.664127919,1.920680483,-0.378400721,-1.762836788,0.306113859,0.189123303
6,63,0.025869231,Jaren Jackson Jr.,MEM,PF/C,,57,28.45701754,17.36842105,2.543859649,4.596491228,1.368421053,0.684210526,1.614035088,0.468791501,13.21052632,0.747311828,3.263157895,1.736842105,0.25021857,0.934693802,-0.551438391,-0.924472858,-0.780544662,1.688536829,-0.14318427,-0.426211931,0.185225993
6,64,0.020629432,Danilo Gallinari,OKC,SF/PF,Out for season - acl (0g) - 7/9/2023,62,29.57956989,18.70967742,2.870967742,5.193548387,1.919354839,0.677419355,0.080645161,0.438188494,13.17741935,0.89261745,4.806451613,1.225806452,0.477239931,1.252257747,-0.324345824,-0.673088686,-0.79890525,-1.11451995,-0.765013317,1.379189959,0.752850276
6,65,0.003679333,Norman Powell,TOR,SG/SF,Questionable - left groin strain,52,28.43846154,15.96153846,2.096153846,3.634615385,1.75,1.153846154,0.403846154,0.495812395,11.48076923,0.843137255,2.942307692,1.5,0.012089298,0.500050868,-0.91729089,-0.750363174,0.489160681,-0.523704321,0.352966746,0.421910401,0.44829439
6,66,-0.004862727,Will Barton,DEN,SG/SF,Questionable - left foot foot soreness,58,33.03247126,15.06896552,1.862068966,6.293103448,3.655172414,1.051724138,0.5,0.449864499,12.72413793,0.766917293,2.293103448,1.517241379,-0.138987804,0.272795964,0.093873399,0.118943087,0.213063934,-0.347933837,-0.509805236,-0.174857863,0.429143817
6,67,-0.005313522,Thomas Bryant,WAS,C,,46,24.9307971,13.2173913,0.804347826,7.195652174,1.804347826,0.543478261,1.065217391,0.581339713,9.086956522,0.739130435,2.5,1.152173913,-0.452385682,-0.754063674,0.437160642,-0.725564943,-1.161027953,0.685290924,1.476490381,-0.388357782,0.834636383
6,68,-0.008223232,Al Horford,PHI,PF/C,Questionable - protocols,67,30.23134328,11.91044776,1.47761194,6.805970149,4.029850746,0.776119403,0.910447761,0.449929478,10.58208955,0.7625,1.194029851,1.194029851,-0.673599247,-0.100443623,0.28894386,0.289904108,-0.532060124,0.402370022,-0.42447305,-0.112796633,0.788145602
6,69,-0.022318994,Jaylen Brown,BOS,SG/SF,,57,33.92397661,20.33333333,2.263157895,6.385964912,2.070175439,1.157894737,0.350877193,0.481397971,15.56140351,0.724279835,4.263157895,2.192982456,0.752060305,0.662182181,0.129193548,-0.604271139,0.500106417,-0.620532273,0.135634703,-0.833820438,-0.321424253
6,70,-0.044941353,O.G. Anunoby,TOR,SF/PF,Questionable - sore hip,69,29.93768116,10.62318841,1.289855072,5.275362319,1.565217391,1.391304348,0.652173913,0.505300353,8.202898551,0.705882353,1.47826087,1.144927536,-0.891481062,-0.282722243,-0.293227638,-0.834677159,1.131151875,-0.06975794,0.369633791,-0.376076976,0.842685175
6,71,-0.049166207,Buddy Hield,SAC,SG,,72,30.77824074,19.19444444,3.763888889,4.555555556,2.958333333,0.916666667,0.236111111,0.428571429,16.13888889,0.845588235,1.888888889,2.333333333,0.55929171,2.11912582,-0.567008402,-0.199015839,-0.152077003,-0.830326167,-1.174325984,0.279156633,-0.477316636
6,72,-0.050204165,Nemanja Bjelica,SAC,PF,,72,27.93217593,11.54166667,1.861111111,6.361111111,2.819444444,0.847222222,0.555555556,0.48085758,9.069444444,0.821428571,1.166666667,1.375,-0.73601922,0.271866058,0.119740327,-0.262389096,-0.339826775,-0.246377557,0.067642801,0.086389932,0.587136044
7,73,-0.052225425,Evan Fournier,ORL,SG/SF,,66,31.44974747,18.5,2.621212121,2.590909091,3.166666667,1.075757576,0.227272727,0.467168999,14.07575758,0.818181818,3.333333333,1.893939394,0.441749883,1.009789334,-1.314267858,-0.103955954,0.278040657,-0.846482847,-0.187192889,0.241558034,0.010732814
7,74,-0.063947194,Mikal Bridges,PHO,SG/SF,,73,27.97374429,9.136986301,0.95890411,4,1.767123288,1.424657534,0.630136986,0.509278351,6.643835616,0.844262295,1.671232877,1,-1.143035972,-0.604016933,-0.778315703,-0.742550032,1.221325441,-0.110041729,0.338403138,0.23904604,1.003661005
7,75,-0.065901545,Lonzo Ball,NOR,PG,Injured - left knee (0g) - 2/4/2023,63,32.1462963,11.82539683,2.349206349,6.079365079,6.952380952,1.412698413,0.587301587,0.403202329,10.9047619,0.565789474,1.206349206,3.047619048,-0.687994988,0.74571997,0.012577338,1.623417961,1.188992799,-0.188345397,-1.223268848,-0.793515225,-1.270697515
7,76,-0.066866258,Dejounte Murray,SAS,PG,Injured - ankle (0g) - 12/23/2022,66,25.55707071,10.90909091,0.621212121,5.803030303,4.106060606,1.681818182,0.257575758,0.461538462,9.651515152,0.798245614,1.727272727,1.893939394,-0.843089138,-0.931855964,-0.092527462,0.324677711,1.916584124,-0.791088513,-0.215093734,0.019863839,0.010732814
7,77,-0.078884814,Terry Rozier,CHA,PG/SG,,63,34.3547619,18,2.73015873,4.380952381,4.111111111,0.968253968,0.158730159,0.422954304,14.93650794,0.873684211,3.015873016,2.238095238,0.357119768,1.115557169,-0.633419268,0.326982193,-0.012605743,-0.971779556,-1.216964745,0.696679376,-0.371532519
7,78,-0.083018056,Devonte' Graham,CHA,PG/SG,,63,35.09920635,18.17460317,3.46031746,3.349206349,7.476190476,0.984126984,0.238095238,0.382139148,15.28571429,0.819742489,3.698412698,2.873015873,0.386673142,1.824411802,-1.025847113,1.862425673,0.03030849,-0.826699157,-2.207739702,0.286064332,-1.076759967
7,79,-0.0898827,Daniel Theis,BOS,PF/C,Injured - right knee (0g) - 1/2/2023,65,24.09307692,9.246153846,0.492307692,6.553846154,1.707692308,0.569230769,1.292307692,0.5657277,6.553846154,0.763157895,1.753846154,0.830769231,-1.124558249,-1.056999303,0.193047706,-0.769667643,-1.091403556,1.100414955,0.904471244,-0.155880701,1.191631244
7,80,-0.091305387,Brandon Clarke,MEM,PF/C,,59,22.45112994,12.20338983,0.457627119,5.915254237,1.423728814,0.542372881,0.847457627,0.620408163,8.305084746,0.758928571,1.898305085,0.949152542,-0.624015805,-1.090667989,-0.049842736,-0.899236621,-1.164016453,0.287223236,1.849243939,-0.190575016,1.060138966
7,81,-0.097100548,Jarrett Allen,BKN,PF/C,,70,26.45619048,11.07142857,0,9.585714286,1.571428571,0.571428571,1.314285714,0.649462366,6.642857143,0.633333333,3.857142857,1.1,-0.815611828,-1.534942761,1.346228277,-0.831843075,-1.085461585,1.140591066,1.775046253,-1.760498961,0.892587682
7,82,-0.099835959,De'Aaron Fox,SAC,PG,Questionable - right foot soreness,51,32.04542484,21.11764706,1.058823529,3.843137255,6.823529412,1.450980392,0.490196078,0.479754601,15.98039216,0.704678363,6.705882353,3.117647059,0.884813427,-0.507012897,-0.837978941,1.56462462,1.292491833,-0.365855533,0.099018211,-1.680144393,-1.348479954
7,83,-0.10425777,Nerlens Noel,OKC,PF/C,,61,18.47595628,7.360655738,0.016393443,4.918032787,0.93442623,0.967213115,1.491803279,0.68401487,4.409836066,0.754716981,1.737704918,1.081967213,-1.443698093,-1.519027636,-0.429139048,-1.122499249,-0.015419791,1.465095488,1.410337387,-0.196586287,0.912617298
7,84,-0.106715652,Larry Nance Jr.,CLE,PF/C,,56,26.28720238,10.07142857,1,7.303571429,2.196428571,1,0.392857143,0.531322506,7.696428571,0.675675676,1.321428571,1.071428571,-0.984872058,-0.564120112,0.47820807,-0.54666342,0.073222724,-0.543792377,0.655231646,-0.451978259,0.924322917
8,85,-0.11998529,Malcolm Brogdon,IND,PG/SG,,54,30.85679012,16.53703704,1.388888889,4.851851852,7.055555556,0.648148148,0.185185185,0.438172043,13.77777778,0.892473118,3.444444444,2.444444444,0.10949832,-0.186577971,-0.454311175,1.670495238,-0.878042789,-0.923419423,-0.799796731,0.983018358,-0.600731439
8,86,-0.122479153,Draymond Green,GSW,PF/C,,43,28.41007752,8.023255814,0.837209302,6.186046512,6.186046512,1.372093023,0.76744186,0.389240506,7.348837209,0.759036145,1.930232558,2.279069767,-1.331546251,-0.722161008,0.053153956,1.273749174,1.079212201,0.140953371,-0.985676988,-0.192952538,-0.41704429
8,87,-0.124243226,Duncan Robinson,MIA,SG/SF/PF,,73,29.66461187,13.46575342,3.698630137,3.178082192,1.397260274,0.479452055,0.260273973,0.470160116,9.410958904,0.930555556,0.98630137,0.945205479,-0.410347852,2.055771146,-1.090934724,-0.911313884,-1.334128994,-0.786156141,-0.084782319,0.379180637,1.0645231
8,88,-0.125865647,Kris Dunn,CHI,PG/SG/SF,,51,24.87385621,7.31372549,0.568627451,3.666666667,3.392156863,1.980392157,0.333333333,0.444444444,6.705882353,0.740740741,1.058823529,1.333333333,-1.451641517,-0.982906353,-0.905100084,-0.001067607,2.723807744,-0.652602677,-0.329113396,-0.167583525,0.633416595
8,89,-0.13018632,Alec Burks,PHI,PG/SG,,66,26.5790404,15.04545455,1.757575758,4.272727273,2.863636364,0.939393939,0.242424242,0.41796875,11.63636364,0.886792453,4.015151515,1.378787879,-0.142967276,0.171351592,-0.674583028,-0.242224878,-0.090631623,-0.81878568,-1.039623397,1.08285869,0.582928721
8,90,-0.134620635,Jeremy Lamb,IND,SG/SF,,46,28.06956522,12.54347826,1.152173913,4.347826087,2.086956522,1.195652174,0.47826087,0.450939457,10.41304348,0.836363636,2.391304348,1.086956522,-0.566452359,-0.416386231,-0.646018958,-0.596614142,0.6021873,-0.387673251,-0.401613867,0.293910284,0.907075507
8,91,-0.139397378,Jabari Parker,SAC,SF/PF,,38,24.15307018,13.97368421,0.842105263,5.631578947,1.789473684,1.184210526,0.421052632,0.51048951,11.28947368,0.75308642,2.131578947,1.684210526,-0.32437537,-0.717407899,-0.157739524,-0.732351827,0.571253699,-0.492250656,0.602569885,-0.24796035,0.243685637
8,92,-0.14045251,Andrew Wiggins,GSW,SG/SF,Injured - right adductor strain (0g) - 12/13/2022,54,34.42407407,21.75925926,2.055555556,5.074074074,3.666666667,0.833333333,0.962962963,0.446830266,18.11111111,0.708955224,4.962962963,2.444444444,0.993412856,0.460637128,-0.369788254,0.124187771,-0.377376729,0.498368496,-0.806518915,-1.186263504,-0.600731439
8,93,-0.142434854,Jae Crowder,MIA,SF/PF,Injured,65,28.8425641,10.52307692,2.076923077,5.907692308,2.476923077,1.107692308,0.369230769,0.401420959,8.661538462,0.776,1.923076923,1.061538462,-0.908425954,0.481381202,-0.05271894,-0.418677297,0.364379294,-0.586981696,-0.997330666,-0.098847824,0.935308191
8,94,-0.144285853,Derrick Favors,NOR,PF/C,Note - waived,51,24.36339869,9,0.019607843,9.803921569,1.588235294,0.588235294,0.901960784,0.616519174,6.647058824,0.563380282,1.392156863,1.078431373,-1.166222305,-1.515907023,1.429224102,-0.824174379,-1.040022985,0.386855718,1.438338641,-0.92320912,0.916544673
8,95,-0.147611433,Bogdan Bogdanovic,SAC,SG/SF,,61,28.94808743,15.14754098,2.68852459,3.393442623,3.393442623,1.06557377,0.245901639,0.439947781,12.55737705,0.74137931,1.901639344,1.655737705,-0.125688102,1.075137803,-1.009021708,-0.000480931,0.250507755,-0.812428953,-0.695366956,-0.286473154,0.275311346
8,96,-0.149949706,Eric Bledsoe,MIL,PG/SG,,61,26.98852459,14.93442623,1.213114754,4.655737705,5.37704918,0.93442623,0.442622951,0.473758865,11.55737705,0.789719626,3.508196721,2.426229508,-0.161759955,-0.357223482,-0.528903807,0.904613845,-0.104062307,-0.452819831,-0.037848051,-0.031044266,-0.580499504
9,97,-0.150876487,Serge Ibaka,TOR,PF/C,,55,26.99363636,15.36363636,1.272727273,8.218181818,1.4,0.509090909,0.836363636,0.511940299,12.18181818,0.717741935,2.254545455,1.981818182,-0.089111748,-0.299350299,0.826083006,-0.910063781,-1.253997484,0.266943276,0.678193358,-0.489707634,-0.086877076
9,98,-0.155457954,Montrezl Harrell,LAC,PF/C,,63,27.76375661,18.61904762,0,7.079365079,1.698412698,0.634920635,1.142857143,0.580049261,12.88888889,0.658119658,5.571428571,1.714285714,0.461899911,-1.534942761,0.392930481,-0.773901812,-0.91380465,0.827217402,2.072442282,-2.14124256,0.210280126
9,99,-0.157082206,Bojan Bogdanovic,UTA,SG/SF/PF,,63,33.06058201,20.23809524,3,4.111111111,2.079365079,0.53968254,0.111111111,0.447058824,14.84126984,0.902527076,4.396825397,2.523809524,0.735940284,1.377525186,-0.736054243,-0.600078022,-1.171290052,-1.058827796,-0.657338363,1.385268026,-0.68888487
9,100,-0.160235231,Cam Payne,PHO,PG,,8,22.89166667,10.875,1.875,3.875,3,1,0.25,0.485294118,8.5,0.857142857,0.875,1.375,-0.848859373,0.285349706,-0.825859846,-0.180003862,0.073222724,-0.804937097,0.12099691,0.150837712,0.587136044
9,101,-0.164129907,Luke Kennard,DET,SG,,28,32.92619048,15.78571429,2.607142857,3.5,4.107142857,0.428571429,0.214285714,0.441520468,12.21428571,0.893333333,2.678571429,1.535714286,-0.017670742,0.996130573,-0.968492275,0.325171528,-1.471689688,-0.870223277,-0.646983971,0.767963341,0.408625346
9,102,-0.166063832,Terrence Ross,ORL,SG/SF,,69,27.37826087,14.72463768,2.565217391,3.217391304,1.188405797,1.115942029,0.347826087,0.403073286,12.26086957,0.85326087,2.666666667,1.014492754,-0.197268813,0.955428382,-1.07598338,-1.00661156,0.386683213,-0.626109734,-1.376688131,0.458412111,0.987563422
9,103,-0.166657252,Lauri Markkanen,CHI,PF,Questionable,50,29.83033333,14.74,2.18,6.26,1.48,0.84,0.48,0.424703892,11.82,0.823529412,3.06,1.62,-0.194668583,0.581450613,0.081282398,-0.873560785,-0.359352751,-0.384494098,-0.933062745,0.267484276,0.315006402
9,104,-0.168392309,Steven Adams,OKC,C,Questionable - ankle,63,26.67407407,10.85714286,0.015873016,9.253968254,2.317460317,0.80952381,1.063492063,0.592050209,7.587301587,0.582089552,3.19047619,1.492063492,-0.851881877,-1.519532878,1.220047631,-0.491438153,-0.44174808,0.682137002,1.356672246,-1.926896406,0.457109733
9,105,-0.168923811,Danuel House,HOU,SG/SF/PF,Questionable - left foot laceration,63,30.35952381,10.50793651,2.047619048,4.222222222,1.349206349,1.063492063,0.53968254,0.426716141,8.555555556,0.811111111,1.428571429,0.841269841,-0.910988625,0.452932187,-0.693792783,-0.933240286,0.244879659,-0.275393637,-0.651355035,0.066676358,1.179967867
9,106,-0.169220084,Marcus Morris,LAC,SF/PF,,62,31.23010753,16.66129032,2.290322581,5.016129032,1.387096774,0.758064516,0.483870968,0.438271605,13.06451613,0.822727273,3.548387097,1.564516129,0.13052946,0.688554273,-0.391827833,-0.915951361,-0.580873257,-0.377417918,-0.756862549,0.304234246,0.376634181
9,107,-0.173701077,Derrick Rose,DET,PG/SG,,50,25.95233333,18.08,0.9,2.42,5.56,0.8,0.32,0.490039841,15.06,0.870503597,2.78,2.52,0.370660586,-0.661202377,-1.379273668,0.988092008,-0.46749662,-0.676976184,0.331758108,0.61578196,-0.684653506
9,108,-0.177808406,Collin Sexton,CLE,PG/SG,Injured - hamstring (0g) - 12/17/2022,65,32.96333333,20.75384615,1.492307692,3.138461538,2.953846154,1,0.107692308,0.472375691,16.70769231,0.846441948,4.107692308,2.430769231,0.823236402,-0.086176654,-1.106004564,-0.201063283,0.073222724,-1.065077414,-0.08625971,0.633388774,-0.585541925
10,109,-0.179274162,Justin Holiday,IND,SG/SF,,73,25.00776256,8.260273973,1.835616438,3.273972603,1.273972603,1.205479452,0.630136986,0.427983539,6.657534247,0.791044776,0.917808219,0.602739726,-1.291428503,0.247115252,-1.054462505,-0.967568501,0.628756297,-0.110041729,-0.495881511,-0.014867449,1.444911193
10,110,-0.180091353,Kevin Huerter,ATL,SG/SF,,56,31.43422619,12.21428571,2.267857143,4.071428571,3.821428571,0.910714286,0.482142857,0.413114754,10.89285714,0.828125,1.142857143,1.553571429,-0.622171565,0.666744318,-0.751147622,0.194803686,-0.16816984,-0.380576927,-1.055359694,0.10626464,0.388790824
10,111,-0.194884734,Derrick White,SAS,PG/SG,,68,24.65686275,11.25,1.161764706,3.264705882,3.544117647,0.661764706,0.852941176,0.458333333,8.117647059,0.853080569,3.102941176,1.308823529,-0.785386787,-0.407075272,-1.057987132,0.068270191,-0.841229108,0.297247236,-0.222515915,0.534073733,0.660640449
10,112,-0.19869364,Christian Wood,DET,PF/C,,62,21.36505376,13.06451613,0.870967742,6.290322581,0.967741935,0.548387097,0.870967742,0.566929134,8.193548387,0.743801653,3.903225806,1.35483871,-0.478261369,-0.689387551,0.092815687,-1.107297711,-1.14775644,0.330200032,1.148254157,-0.546339422,0.609529859
10,113,-0.19976383,Paul Millsap,DEN,PF/C,,51,24.31405229,11.58823529,1.058823529,5.745098039,1.62745098,0.862745098,0.588235294,0.48173516,8.588235294,0.815602837,2.764705882,1.37254902,-0.728137003,-0.507012897,-0.114562181,-0.806280753,-0.297859179,-0.186638569,0.075192548,0.177565133,0.589858429
10,114,-0.199873067,P.J. Tucker,HOU,SF/PF/C,,72,34.26689815,6.944444444,1.486111111,6.611111111,1.597222222,1.069444444,0.513888889,0.415492958,5.916666667,0.8125,0.666666667,1,-1.514146112,-0.092192436,0.214828612,-0.820073756,0.260972496,-0.322544767,-0.555741742,0.026379092,1.003661005
10,115,-0.19991547,Dennis Schroder,OKC,PG,,65,30.75153846,18.90769231,1.923076923,3.630769231,4.030769231,0.692307692,0.215384615,0.469430052,14.84615385,0.838983051,3.630769231,2.553846154,0.510755977,0.332023871,-0.918753787,0.290323201,-0.75865319,-0.868214471,-0.145145005,0.480671726,-0.722247553
10,116,-0.200150653,Wendell Carter Jr.,CHI,C,Injured - right plantar fascia strain (0g) - 12/14/2022,43,29.20620155,11.25581395,0.139534884,9.418604651,1.186046512,0.76744186,0.837209302,0.533527697,7.976744186,0.736842105,3.534883721,1.674418605,-0.784402716,-1.399479136,1.282667602,-1.007688072,-0.555520699,0.268489164,0.706570259,-0.566554129,0.25456185
10,117,-0.203137782,Damion Lee,GSW,SG,,49,29.03061224,12.67346939,1.734693878,4.87755102,2.714285714,1.020408163,0.12244898,0.416829746,10.42857143,0.873015873,2.571428571,1.367346939,-0.54445003,0.149137344,-0.444536415,-0.310371705,0.128398167,-1.038102025,-0.950998665,0.587046738,0.595636553
10,118,-0.206978592,Willie Cauley-Stein,DAL,PF/C,,54,20.32314815,7.222222222,0,5.833333333,1.296296296,0.907407407,1.148148148,0.579470199,5.592592593,0.606060606,1.222222222,0.740740741,-1.467129381,-1.534942761,-0.081001609,-0.957382479,-0.177110306,0.836889429,0.889034274,-0.662793377,1.29162888
10,119,-0.210149194,Patrick Beverley,LAC,PG/SG,,51,26.30882353,7.941176471,1.568627451,5.215686275,3.588235294,1.058823529,0.490196078,0.431085044,6.68627451,0.659574468,0.921568627,1.31372549,-1.34543902,-0.012083704,-0.315925609,0.08840052,0.232257825,-0.365855533,-0.465988477,-0.361904426,0.655195678
10,120,-0.210436979,DeAndre Jordan,BKN,C,,56,22.04017857,8.303571429,0,10.01785714,1.875,0.321428571,0.928571429,0.665505226,5.125,0.680327869,2.178571429,1.321428571,-1.284099966,-1.534942761,1.51059517,-0.693327243,-1.761360765,0.435500322,1.494200123,-0.707137303,0.64663961
11,121,-0.212051751,Trevor Ariza,POR,SG/SF,,53,28.15566038,7.981132075,1.452830189,4.660377358,1.716981132,1.283018868,0.283018868,0.438271605,6.113207547,0.837837838,1.396226415,1.056603774,-1.338676125,-0.124502309,-0.5271391,-0.765429269,0.838391607,-0.744578176,-0.359059749,0.171738048,0.940789313
11,122,-0.213534089,Marc Gasol,TOR,C,,44,26.3905303,7.522727273,1.295454545,6.25,3.340909091,0.772727273,0.863636364,0.426523297,6.340909091,0.734693878,1.113636364,1.340909091,-1.416265827,-0.277286148,0.077478867,-0.024451323,-0.541231076,0.316798177,-0.487021595,-0.194829828,0.625001949
11,123,-0.221989798,Glenn Robinson III,PHI,SG/SF,,62,28.81236559,11.72580645,1.241935484,4.35483871,1.548387097,0.887096774,0.258064516,0.486486486,9.548387097,0.860465116,1.387096774,0.887096774,-0.704851677,-0.329243665,-0.643351685,-0.842356611,-0.232022067,-0.790195056,0.154622834,0.26042338,1.12906637
11,124,-0.224575545,Carmelo Anthony,POR,SF/PF,,59,32.87740113,15.52542373,1.491525424,6.288135593,1.457627119,0.830508475,0.474576271,0.427854454,13.50847458,0.85380117,2.898305085,1.728813559,-0.061727582,-0.086936098,0.091983859,-0.88376925,-0.385014008,-0.394408745,-0.999372175,0.503920531,0.194143566
11,125,-0.224932404,Donte DiVincenzo,MIL,PG/SG,,66,23.03661616,9.242424242,1.257575758,4.818181818,2.333333333,1.318181818,0.318181818,0.454901961,7.727272727,0.73255814,1.303030303,1.363636364,-1.125189522,-0.314059733,-0.467117678,-0.484195495,0.933458044,-0.680299844,-0.253166254,-0.233579168,0.599758012
11,126,-0.226753716,Elfrid Payton,NYK,PG,,45,27.6862963,9.977777778,0.311111111,4.688888889,7.177777778,1.555555556,0.377777778,0.438636364,9.777777778,0.569767442,1.911111111,2.111111111,-1.000723413,-1.232909048,-0.51629465,1.726263704,1.575220902,-0.571357653,-0.56326979,-1.22722647,-0.230487029
11,127,-0.228339959,Josh Hart,NOR,SG/SF,,65,27.00230769,10.09230769,1.861538462,6.538461538,1.661538462,0.969230769,0.353846154,0.422932331,8.184615385,0.739130435,1.769230769,1.153846154,-0.981338054,0.272280939,0.187196119,-0.790727063,-0.009964867,-0.615104973,-0.671293339,-0.278887364,0.83277897
11,128,-0.229464053,Maxi Kleber,DAL,PF/C,Questionable - right foot soreness,74,25.53603604,9.081081081,1.608108108,5.243243243,1.189189189,0.337837838,1.135135135,0.461089494,6.945945946,0.849462366,1.256756757,0.783783784,-1.152498503,0.026245012,-0.305444229,-1.006254108,-1.716996726,0.813101471,-0.162192962,0.19504403,1.243819541
11,129,-0.229658934,Aaron Gordon,ORL,SF/PF,,62,32.53548387,14.41935484,1.177419355,7.661290323,3.677419355,0.822580645,0.629032258,0.436766623,12.37096774,0.674107143,3.612903226,1.612903226,-0.248941057,-0.391877384,0.614267575,0.129094087,-0.406447662,-0.112061187,-0.745896892,-1.227956912,0.322889025
11,130,-0.234171309,Tomas Satoransky,CHI,PG/SG,,65,28.89102564,9.907692308,0.984615385,3.907692308,5.446153846,1.230769231,0.107692308,0.430127042,8.476923077,0.876033058,1.861538462,2,-1.012586096,-0.579055845,-0.813425224,0.936145437,0.697129659,-1.065077414,-0.600844716,0.437244645,-0.107072226
11,131,-0.234399681,Joe Harris,BKN,SG/SF,Probable,69,30.76594203,14.46376812,2.492753623,4.31884058,2.086956522,0.594202899,0.246376812,0.485969388,11.36231884,0.719101124,1.289855072,1.507246377,-0.241423655,0.885078914,-0.657043687,-0.596614142,-1.023888989,-0.811560332,0.176683631,-0.28107447,0.440245598
11,132,-0.23983453,Marquese Chriss,GSW,PF/C,,59,20.27485876,9.288135593,0.13559322,6.186440678,1.93220339,0.661016949,1.050847458,0.545454545,6.525423729,0.769230769,2.644067797,1.322033898,-1.117452408,-1.403305792,0.053303879,-0.667226054,-0.843250741,0.659022498,0.696409734,-0.181979135,0.645967253
12,133,-0.240747164,J.J. Redick,NOR,SG,,60,26.34888889,15.28333333,3,2.516666667,1.983333333,0.333333333,0.166666667,0.453248811,10.51666667,0.891891892,3.083333333,1.25,-0.102703858,1.377525186,-1.342506198,-0.643896102,-1.72917509,-0.957271516,-0.368049052,0.87337446,0.725977697
12,134,-0.243259179,Tim Hardaway Jr.,DAL,SG/SF,,71,29.45375587,15.78873239,2.873239437,3.267605634,1.929577465,0.605633803,0.070422535,0.43438914,12.45070423,0.818681319,2.563380282,0.971830986,-0.017159896,1.25446316,-1.056884202,-0.66842423,-0.992984433,-1.133207044,-0.796314197,0.186228966,1.034949265
12,135,-0.244943044,Ja Morant,MEM,PG,,68,31.11838235,18.05882353,0.926470588,3.852941176,7.294117647,0.867647059,0.264705882,0.476683938,14.19117647,0.775316456,4.647058824,3.352941176,0.367076252,-0.63550413,-0.834249989,1.779348126,-0.284606254,-0.778054552,0.019669866,-0.228337769,-1.609828949
12,136,-0.246621189,Derrick Jones,MIA,SF/PF,,59,23.30536723,8.474576271,0.627118644,3.949152542,1.050847458,0.983050847,0.644067797,0.52722063,5.915254237,0.772357724,2.084745763,0.508474576,-1.255155647,-0.926121778,-0.797655694,-1.069377704,0.027399051,-0.084576026,0.464024657,-0.127742187,1.549614627
12,137,-0.250069449,Otto Porter,CHI,SF/PF,Injured - right ankle aprain left foot second toe dislocation (0g) - 12/27/2022,14,23.62857143,11.92857143,1.714285714,3.428571429,1.785714286,1.071428571,0.428571429,0.442857143,10,0.703703704,1.928571429,0.785714286,-0.670531631,0.129324637,-0.995660356,-0.734067193,0.266336775,-0.478506197,-0.510743472,-0.498452876,1.241675269
12,138,-0.252864689,Troy Brown Jr,WAS,SG/SF,,69,25.82512077,10.37681159,0.884057971,5.550724638,2.579710145,1.231884058,0.101449275,0.438906752,9.014492754,0.784172662,2.014492754,1.144927536,-0.933182858,-0.67667926,-0.188492715,-0.371776848,0.700143703,-1.076489758,-0.516258329,-0.055731313,0.842685175
12,139,-0.258484063,Joe Ingles,UTA,SG/SF,Injured - torn acl (0g) - 1/10/2023,72,29.67453704,9.819444444,1.958333333,3.861111111,5.180555556,0.902777778,0.152777778,0.444846293,7.680555556,0.787234043,1.305555556,1.972222222,-1.02752295,0.366251593,-0.831142529,0.81495627,-0.189626957,-0.982660586,-0.370847026,-0.02954586,-0.076218525
12,140,-0.261029576,Julius Randle,NYK,PF/C,,64,32.50755208,19.5,1,9.71875,3.09375,0.796875,0.34375,0.460238569,15.71875,0.732954545,5.5,3.015625,0.611010114,-0.564120112,1.396828829,-0.137226914,-0.47594536,-0.633560874,-0.37603649,-0.935054712,-1.235160663
12,141,-0.273791671,Dwight Powell,DAL,PF/C,,40,26.51541667,9.4,0.25,5.675,1.475,0.85,0.55,0.637554585,5.725,0.666666667,2.775,0.9,-1.098518213,-1.292237099,-0.14122419,-0.875842222,-0.332316784,-0.256533185,1.423334529,-1.005522205,1.114734328
12,142,-0.279749041,Jerami Grant,DEN,SF/PF,,71,26.64507042,11.98591549,1.38028169,3.492957746,1.23943662,0.704225352,0.802816901,0.477917981,8.929577465,0.75,2.76056338,0.887323944,-0.660825561,-0.194934034,-0.971170818,-0.983326836,-0.726432644,0.205619407,0.025959788,-0.341444715,1.128814045
12,143,-0.280391827,Kendrick Nunn,MIA,PG/SG,,67,29.29054726,15.28358209,2.044776119,2.686567164,3.28358209,0.835820896,0.223880597,0.438730853,13.64179104,0.85,1.492537313,1.701492537,-0.102661753,0.450172208,-1.27788401,-0.050608914,-0.370651365,-0.852683706,-0.780232655,0.236533816,0.224489933
12,144,-0.28072635,Thaddeus Young,CHI,SF/PF,,64,24.85364583,10.296875,1.234375,4.921875,1.828125,1.4375,0.359375,0.447587354,9.390625,0.583333333,1.125,1.59375,-0.946712944,-0.336583554,-0.42767765,-0.714715717,1.256046289,-0.60499817,-0.411650988,-0.684407562,0.344163149
13,145,-0.281574268,Josh Richardson,PHI,SG/SF,,55,30.78545455,13.72727273,1.545454545,3.181818182,2.945454545,0.945454545,0.654545455,0.430340557,11.74545455,0.808510638,2.563636364,1.890909091,-0.366083034,-0.034580485,-1.089513729,-0.204892268,-0.074246188,-0.065422731,-0.825094624,0.111565977,0.014098672
13,146,-0.281836665,Rodney Hood,POR,SG/SF,,21,29.46031746,10.95238095,1.666666667,3.428571429,1.523809524,0.80952381,0.19047619,0.505813953,8.19047619,0.777777778,1.285714286,0.904761905,-0.835761855,0.083094987,-0.995660356,-0.853571049,-0.44174808,-0.913747397,0.375550069,-0.064131428,1.109445122
13,147,-0.282027021,George Hill,MIL,PG/SG,,59,21.54661017,9.389830508,1.372881356,3,3.050847458,0.796610169,0.084745763,0.515957447,6.372881356,0.841584158,1.711864407,0.966101695,-1.100239504,-0.202118446,-1.158668846,-0.156802805,-0.476661355,-1.107023997,0.389895752,0.232063028,1.041312979
13,148,-0.285750119,Dorian Finney-Smith,DAL,SF/PF,,71,29.8556338,9.549295775,1.605633803,5.704225352,1.605633803,0.633802817,0.549295775,0.465517241,7.352112676,0.722222222,1.521126761,0.971830986,-1.073248376,0.023842901,-0.130108236,-0.816235658,-0.916826779,-0.257820518,-0.120914791,-0.315388881,1.034949265
13,149,-0.285804227,Danny Green,LAL,SG/SF,Out for season - torn acl (0g) - 7/9/2023,68,24.80465686,8.044117647,1.764705882,3.308823529,1.338235294,1.25,0.470588235,0.415611814,6.970588235,0.6875,0.705882353,0.926470588,-1.328015172,0.178273678,-1.041206846,-0.938246241,0.749121904,-0.401698926,-0.651814308,-0.223984697,1.085332566
13,150,-0.285995804,Gorgui Dieng,MEM,PF/C,,64,17.35052083,7.28125,0.84375,5.59375,1.140625,0.796875,0.953125,0.456284153,5.71875,0.772277228,1.578125,0.9375,-1.457138326,-0.715811151,-0.172127883,-1.028413338,-0.47594536,0.480384571,-0.177562939,-0.100429641,1.073081832
13,151,-0.286049018,Tristan Thompson,CLE,PF/C,,57,30.20087719,12,0.157894737,10.14035088,2.105263158,0.578947368,0.877192982,0.512455516,9.859649123,0.614906832,2.824561404,1.807017544,-0.658441614,-1.381654974,1.557186047,-0.588261054,-1.06513379,0.341579853,0.554992055,-1.441987487,0.107279801
13,152,-0.286552834,Gary Harris,DEN,SG/SF,Out - right hamstring strain (0g) - 12/14/2022,56,31.7889881,10.375,1.25,2.910714286,2.107142857,1.357142857,0.25,0.420038536,9.267857143,0.815217391,1.642857143,1.071428571,-0.933489488,-0.32141445,-1.192628948,-0.58740337,1.038792981,-0.804937097,-0.800296432,0.098078381,0.924322917
13,153,-0.287824199,Royce O'Neale,UTA,SF,Injured,71,28.86549296,6.338028169,1.295774648,5.464788732,2.535211268,0.830985915,0.450704225,0.432876712,5.14084507,0.763636364,0.774647887,0.85915493,-1.616788271,-0.276975385,-0.221178706,-0.392081127,-0.383723201,-0.438047156,-0.346202945,-0.075523305,1.160102305
13,154,-0.289542084,Spencer Dinwiddie,BKN,PG,,64,31.15703125,20.59375,1.921875,3.453125,6.75,0.625,0.328125,0.415279138,15.953125,0.778026906,6.96875,2.71875,0.79613849,0.330857017,-0.986321328,1.531074073,-0.940626046,-0.662123578,-1.488072476,-0.281393177,-0.905411735
13,155,-0.290206556,Lou Williams,LAC,PG/SG,,65,28.67564103,18.23076923,1.707692308,3.092307692,5.615384615,0.661538462,0.184615385,0.417735043,14.4,0.861356932,5.215384615,2.8,0.396179821,0.122923609,-1.123559325,1.013363313,-0.841840781,-0.924461026,-1.289536575,1.030730772,-0.99565881
13,156,-0.290419056,Rui Hachimura,WAS,SF/PF,Injured - right ankle bone bruise (0g) - 12/20/2022,48,30.08506944,13.52083333,0.520833333,6.125,1.8125,0.770833333,0.166666667,0.466055046,11.35416667,0.828571429,2.916666667,1.104166667,-0.401025014,-1.029305965,0.029934724,-0.721845208,-0.546351525,-0.957271516,-0.172294497,0.296427872,0.887959627
14,157,-0.292022384,PJ Washington,CHA,SF/PF,,58,30.32758621,12.24137931,1.482758621,5.448275862,2.120689655,0.879310345,0.75862069,0.455008489,10.15517241,0.647058824,2.344827586,1.603448276,-0.617585696,-0.095447109,-0.227459429,-0.581222136,-0.253073432,0.124828156,-0.328145163,-0.983487596,0.333390952
14,158,-0.292451277,Seth Curry,DAL,PG/SG,Probable,64,24.61901042,12.390625,2.265625,2.265625,1.9375,0.59375,0.140625,0.494773519,8.96875,0.824742268,1.515625,0.96875,-0.592324337,0.664577303,-1.437990684,-0.664809277,-1.025113444,-1.004876023,0.259344698,0.13075885,1.038371419
14,159,-0.292843341,JaVale McGee,LAL,C,,68,16.61911765,6.558823529,0.044117647,5.735294118,0.544117647,0.529411765,1.367647059,0.637254902,4.5,0.646341463,1.205882353,0.808823529,-1.579416397,-1.49211235,-0.118291133,-1.300592157,-1.199058086,1.2381363,1.114725023,-0.514988337,1.216007064
14,160,-0.293585237,Marvin Bagley III,SAC,PF/C,,13,25.68717949,14.23076923,0.307692308,7.461538462,0.769230769,0.461538462,0.923076923,0.467065868,12.84615385,0.806451613,2.384615385,1.384615385,-0.2808611,-1.2362281,0.538291327,-1.197875864,-1.382560126,0.425456295,-0.173689735,0.08874425,0.576455916
14,161,-0.299035854,Miles Bridges,CHA,SF/PF,,65,30.69974359,12.96923077,1.523076923,5.553846154,1.753846154,0.615384615,0.753846154,0.423638778,11.58461538,0.809160305,2.015384615,1.461538462,-0.494389391,-0.056305188,-0.187305436,-0.748608222,-0.966622169,0.116100242,-0.933701792,0.088494371,0.491014899
14,162,-0.301029615,Robert Williams,BOS,PF/C,Questionable - left knee,29,13.37011494,5.172413793,0,4.413793103,0.931034483,0.75862069,1.206896552,0.727272727,3.034482759,0.647058824,1.172413793,0.689655172,-1.814080428,-1.534942761,-0.620928196,-1.124046861,-0.579369588,0.944282277,1.170118363,-0.498670658,1.348371318
14,163,-0.301990376,Delon Wright,DAL,PG/SG,Injured - right hamstring (0g) - 12/24/2022,73,21.50342466,6.904109589,0.643835616,3.835616438,3.342465753,1.150684932,0.315068493,0.462287105,5.630136986,0.77,1.369863014,1,-1.520973199,-0.909892562,-0.840839508,-0.023741037,0.480614011,-0.685991043,-0.12281157,-0.097939478,1.003661005
14,164,-0.304941435,Harrison Barnes,SAC,SF/PF,,72,34.46643519,14.52777778,1.416666667,4.930555556,2.208333333,0.597222222,0.166666667,0.460277427,11.01388889,0.801498127,3.708333333,1.222222222,-0.230589365,-0.159610675,-0.424375974,-0.541231426,-1.015725955,-0.957271516,-0.265582128,0.093082728,0.756831398
14,165,-0.309372639,Ish Smith,WAS,PG,,68,26.27916667,10.88235294,0.911764706,3.205882353,4.911764706,0.867647059,0.441176471,0.447024673,10.13235294,0.720930233,1.264705882,1.397058824,-0.847614813,-0.649780934,-1.080360846,0.692310379,-0.284606254,-0.455464016,-0.452233449,-0.269238392,0.562634575
14,166,-0.312152039,Jordan Clarkson,UTA,PG/SG,Questionable - right hip contusion,71,24.00962441,15.18309859,2.14084507,2.633802817,1.915492958,0.647887324,0.225352113,0.453917051,12.22535211,0.836363636,2.323943662,1.366197183,-0.119669613,0.543438121,-1.297953095,-0.674850814,-0.878747952,-0.849993756,-0.413745744,0.285240875,0.596913625
14,167,-0.31808842,Dario Saric,PHO,PF/C,,66,24.72449495,10.66666667,1.272727273,6.166666667,1.863636364,0.560606061,0.242424242,0.475836431,8.151515152,0.84375,1.939393939,1.333333333,-0.884121921,-0.299350299,0.045782771,-0.698512327,-1.11472129,-0.81878568,-0.003283429,0.276779804,0.633416595
14,168,-0.323604588,Ivica Zubac,LAC,C,,72,18.41759259,8.277777778,0,7.555555556,1.138888889,0.222222222,0.916666667,0.611398964,5.361111111,0.746987952,2.305555556,0.847222222,-1.288465805,-1.534942761,0.574051024,-1.029205504,-2.029574725,0.413738263,1.115942447,-0.307340591,1.17335636
15,169,-0.324338636,Markelle Fultz,ORL,PG/SG,,72,27.72222222,12.08333333,0.5,3.305555556,5.125,1.25,0.152777778,0.465025907,10.72222222,0.729559748,2.208333333,2.041666667,-0.644336595,-1.049531437,-1.04244983,0.789606968,0.749121904,-0.982660586,-0.180242447,-0.405202921,-0.153352777
15,170,-0.32907692,Bruce Brown,DET,SG,,58,28.17241379,8.913793103,0.568965517,4.724137931,3.965517241,1.086206897,0.5,0.44295302,7.706896552,0.739495798,2.051724138,1.724137931,-1.180813704,-0.98257815,-0.502887566,0.260549537,0.306291407,-0.347933837,-0.394598716,-0.319058194,0.199336942
15,171,-0.330735345,Caris LeVert,BKN,SG/SF,,45,29.55111111,18.71111111,1.777777778,4.177777778,4.422222222,1.177777778,0.222222222,0.424863388,16.26666667,0.710659898,4.377777778,2.622222222,0.477482598,0.19096417,-0.710697367,0.468938288,0.553862141,-0.855715237,-1.276608647,-1.026648931,-0.798195125
15,172,-0.331631255,Shabazz Napier,WAS,PG/SG,,56,24.00863095,10.32142857,1.357142857,2.839285714,4.678571429,1.232142857,0.196428571,0.412280702,8.142857143,0.823529412,2.732142857,2.285714286,-0.942557001,-0.217397738,-1.219797029,0.585907213,0.700843391,-0.902866367,-0.801730105,0.237340919,-0.424424577
15,173,-0.332289689,Goran Dragic,MIA,PG/SG,,59,28.18502825,16.15254237,2.101694915,3.169491525,5.101694915,0.677966102,0.169491525,0.440607735,12.27118644,0.776422764,4.169491525,2.457627119,0.044418664,0.505430264,-1.094202211,0.77897315,-0.797427067,-0.952107638,-0.667234926,-0.193083566,-0.615373874
15,174,-0.332693443,Jakob Poeltl,SAS,C,Questionable - right knee bone bruise,66,17.74292929,5.636363636,0,5.666666667,1.772727273,0.560606061,1.439393939,0.62406015,4.03030303,0.465116279,1.303030303,0.803030303,-1.735552171,-1.534942761,-0.1443938,-0.739993004,-1.11472129,1.369290533,0.915366424,-1.231736707,1.222441793
15,175,-0.336268208,Patty Mills,SAS,PG,,66,22.49570707,11.62121212,2.333333333,1.636363636,1.787878788,0.803030303,0.090909091,0.431438127,9.060606061,0.866071429,1.696969697,0.818181818,-0.722555338,0.730310086,-1.677332221,-0.733079558,-0.459303903,-1.095757353,-0.623254087,0.348945998,1.205612502
15,176,-0.340420454,Mike Conley,UTA,PG,Questionable,47,29.00531915,14.36170213,2.042553191,3.191489362,4.425531915,0.765957447,0.106382979,0.409171076,12.06382979,0.827338129,2.957446809,1.957446809,-0.258699368,0.448014139,-1.085835265,0.470448459,-0.559533955,-1.067470884,-1.241219175,0.290318941,-0.059806982
15,177,-0.348389505,Garrett Temple,BKN,SG/SF,,62,27.8983871,10.33870968,2.048387097,3.516129032,2.516129032,0.790322581,0.467741935,0.378194208,9.467741935,0.804597701,1.403225806,1,-0.939631997,0.453677826,-0.962357546,-0.400788112,-0.493660459,-0.406901999,-1.428572974,0.039068712,1.003661005
15,178,-0.349926831,Kelly Olynyk,MIA,PF/C,,67,19.40820896,8.194029851,1.417910448,4.552238806,1.731343284,0.671641791,0.343283582,0.462311558,5.940298507,0.86,1.492537313,1.059701493,-1.302640998,-0.158403184,-0.568269938,-0.758875999,-0.814525453,-0.634413492,-0.128845224,0.279284236,0.937348573
15,179,-0.350296982,Rudy Gay,SAS,SF/PF,,67,21.80024876,10.8358209,1.104477612,5.402985075,1.701492537,0.52238806,0.492537313,0.446308725,8.895522388,0.882352941,2.029850746,1.313432836,-0.855490838,-0.46269088,-0.244685922,-0.77249652,-1.218047352,-0.361575725,-0.407981518,0.514775178,0.655520739
15,180,-0.35412657,Dillon Brooks,MEM,SG/SF,,74,29.05,16.22972973,2.040540541,3.310810811,2.054054054,0.878378378,0.364864865,0.406998158,14.67567568,0.805825243,2.783783784,1.662162162,0.057483414,0.446060212,-1.040450977,-0.611627125,-0.255593093,-0.594962626,-1.557148495,0.100924071,0.268175487
16,181,-0.356078939,Tyler Herro,MIA,SG/SF,,55,27.41909091,13.50909091,2.109090909,4.072727273,2.2,0.618181818,0.163636364,0.427892235,11.47272727,0.87,1.818181818,1.581818182,-0.403012539,0.512610462,-0.750653657,-0.545033821,-0.95905966,-0.96281095,-0.849485892,0.395319393,0.357416216
16,182,-0.366554727,Langston Galloway,DET,PG/SG,,66,25.79040404,10.25757576,2,2.257575758,1.53030303,0.727272727,0.166666667,0.435424354,8.212121212,0.858823529,1.287878788,0.606060606,-0.953364743,0.406702537,-1.441052239,-0.850608144,-0.664121836,-0.957271516,-0.515248172,0.234748989,1.441222581
16,183,-0.367002658,Jordan McLaughlin,MIN,PG,Questionable - left calf strain,30,19.68111111,7.633333333,0.966666667,1.633333333,4.166666667,1.133333333,0.133333333,0.488764045,5.933333333,0.666666667,1.3,1.033333333,-1.39754462,-0.596480867,-1.678484807,0.352331495,0.433702287,-1.018205284,0.113440442,-0.478419137,0.966636564
16,184,-0.369720543,James Johnson,MIN,SF/PF,,32,19.35989583,8.4375,1.03125,3.6875,2.3125,0.75,1.03125,0.479069767,6.71875,0.645833333,1.5,1.5,-1.261431185,-0.533781904,-0.89717606,-0.493701483,-0.602676456,0.62319809,0.029189152,-0.639399432,0.44829439
16,185,-0.36978989,Keldon Johnson,SAS,SF,,17,17.67941176,9.058823529,0.764705882,3.352941176,0.882352941,0.823529412,0.117647059,0.595505618,5.235294118,0.795454545,2.588235294,0.764705882,-1.156265821,-0.792548971,-1.02442656,-1.146259637,-0.40388258,-1.046879999,0.961165511,0.015979044,1.265010001
16,186,-0.370752673,Jeff Teague,ATL,PG,,59,24.81864407,10.86440678,0.728813559,2.406779661,5.220338983,0.745762712,0.322033898,0.435582822,8.288135593,0.873096447,3.338983051,1.966101695,-0.850652384,-0.827394051,-1.384302066,0.833108949,-0.614132375,-0.673258191,-0.517905838,0.767182153,-0.069420252
16,187,-0.371418956,Michael Porter Jr.,DEN,SF,Injured - left heel strain (0g) - 12/20/2022,55,16.42272727,9.309090909,1.127272727,4.709090909,0.836363636,0.490909091,0.454545455,0.509138381,6.963636364,0.833333333,1.309090909,0.890909091,-1.113905507,-0.440560866,-0.508610748,-1.16724398,-1.303153788,-0.431025339,0.35363215,0.14326557,1.124831903
16,188,-0.37195279,Taurean Prince,BKN,SF/PF,Injured - right shoulder sublaxation (0g) - 12/19/2022,64,29.02161458,12.078125,2.28125,5.953125,1.8125,0.890625,0.390625,0.376184032,11.546875,0.797752809,1.390625,1.984375,-0.645218159,0.679746407,-0.035438473,-0.721845208,-0.222483167,-0.547872763,-1.776076065,0.011329332,-0.089717019